<profile version="1.0">
  <option name="myName" value="Default" />
  <inspection_tool class="PyPackageRequirementsInspection" enabled="true" level="WARNING" enabled_by_default="true">
    <option name="ignoredPackages">
      <value>
        <list size="42">
          <item index="0" class="java.lang.String" itemvalue="traitlets" />
          <item index="1" class="java.lang.String" itemvalue="numba" />
          <item index="2" class="java.lang.String" itemvalue="decorator" />
          <item index="3" class="java.lang.String" itemvalue="dotmap" />
          <item index="4" class="java.lang.String" itemvalue="joblib" />
          <item index="5" class="java.lang.String" itemvalue="scikit-learn" />
          <item index="6" class="java.lang.String" itemvalue="python-dateutil" />
          <item index="7" class="java.lang.String" itemvalue="wget" />
          <item index="8" class="java.lang.String" itemvalue="wcwidth" />
          <item index="9" class="java.lang.String" itemvalue="cycler" />
          <item index="10" class="java.lang.String" itemvalue="llvmlite" />
          <item index="11" class="java.lang.String" itemvalue="numpy" />
          <item index="12" class="java.lang.String" itemvalue="requests" />
          <item index="13" class="java.lang.String" itemvalue="patsy" />
          <item index="14" class="java.lang.String" itemvalue="Pygments" />
          <item index="15" class="java.lang.String" itemvalue="certifi" />
          <item index="16" class="java.lang.String" itemvalue="prompt-toolkit" />
          <item index="17" class="java.lang.String" itemvalue="urllib3" />
          <item index="18" class="java.lang.String" itemvalue="pyparsing" />
          <item index="19" class="java.lang.String" itemvalue="Cython" />
          <item index="20" class="java.lang.String" itemvalue="six" />
          <item index="21" class="java.lang.String" itemvalue="parso" />
          <item index="22" class="java.lang.String" itemvalue="ipython" />
          <item index="23" class="java.lang.String" itemvalue="kiwisolver" />
          <item index="24" class="java.lang.String" itemvalue="pexpect" />
          <item index="25" class="java.lang.String" itemvalue="Pympler" />
          <item index="26" class="java.lang.String" itemvalue="chardet" />
          <item index="27" class="java.lang.String" itemvalue="pandas" />
          <item index="28" class="java.lang.String" itemvalue="jedi" />
          <item index="29" class="java.lang.String" itemvalue="watchgod" />
          <item index="30" class="java.lang.String" itemvalue="matplotlib" />
          <item index="31" class="java.lang.String" itemvalue="statsmodels" />
          <item index="32" class="java.lang.String" itemvalue="json-tricks" />
          <item index="33" class="java.lang.String" itemvalue="pytz" />
          <item index="34" class="java.lang.String" itemvalue="idna" />
          <item index="35" class="java.lang.String" itemvalue="scipy" />
          <item index="36" class="java.lang.String" itemvalue="ipython-genutils" />
          <item index="37" class="java.lang.String" itemvalue="backcall" />
          <item index="38" class="java.lang.String" itemvalue="backtrader" />
          <item index="39" class="java.lang.String" itemvalue="ptyprocess" />
          <item index="40" class="java.lang.String" itemvalue="pickleshare" />
          <item index="41" class="java.lang.String" itemvalue="sklearn" />
        </list>
      </value>
    </option>
  </inspection_tool>
</profile>