<application>
  <component name="VimEditorSettings">
    <editor />
  </component>
  <component name="VimHistorySettings">
    <history>
      <history-search>
        <entry>data</entry>
        <entry>order</entry>
      </history-search>
      <history-cmd>
        <entry>action CommentByLineComment</entry>
        <entry>action JumpToLastChange</entry>
        <entry>action Back</entry>
        <entry>action GotoDeclaration</entry>
        <entry encoding="base64">JzwsJz5hY3Rpb24gQ29tbWVudEJ5TGluZUNvbW1lbnQ=</entry>
        <entry>source ~/.ideavimrc</entry>
        <entry>w</entry>
      </history-cmd>
      <history-expr />
      <history-input />
    </history>
  </component>
  <component name="VimKeySettings">
    <shortcut-conflicts>
      <shortcut-conflict owner="ide">
        <text>ctrl pressed V</text>
      </shortcut-conflict>
      <shortcut-conflict owner="vim">
        <text>ctrl pressed C</text>
      </shortcut-conflict>
      <shortcut-conflict owner="ide">
        <text>ctrl pressed R</text>
      </shortcut-conflict>
      <shortcut-conflict owner="ide">
        <text>ctrl pressed A</text>
      </shortcut-conflict>
    </shortcut-conflicts>
  </component>
  <component name="VimMarksSettings">
    <globalmarks />
    <filemarks>
      <file name="/start_script.py" timestamp="1588266471751">
        <mark key="[" line="0" column="0" />
      </file>
      <file name="/Dummy.txt" timestamp="1588274264841">
        <mark key="[" line="0" column="0" />
        <mark key="]" line="0" column="0" />
        <mark key="." line="0" column="0" />
        <mark key="o" line="0" column="0" />
      </file>
      <file name="/Python Console" timestamp="1588070723608">
        <mark key="[" line="0" column="0" />
      </file>
      <file name="/fragment.py" timestamp="1587652342613">
        <mark key="[" line="0" column="0" />
      </file>
      <file name="/a.dummy" timestamp="1587930845404">
        <mark key="[" line="0" column="1" />
      </file>
      <file name="$USER_HOME$/dev/neofun_api/basefun.py" timestamp="1588269098915">
        <mark key="[" line="150" column="0" />
        <mark key="]" line="151" column="0" />
        <mark key="." line="151" column="0" />
        <mark key="^" line="151" column="0" />
      </file>
      <file name="/Dummy.rs" timestamp="1588266342610">
        <mark key="[" line="0" column="0" />
      </file>
      <file name="$USER_HOME$/dev/ezalgo/Strats/code/strat_preparer.py" timestamp="1587650195494">
        <mark key="[" line="119" column="27" />
      </file>
      <file name="/" timestamp="1588266719005">
        <mark key="[" line="0" column="0" />
      </file>
      <file name="$USER_HOME$/dev/ezalgo/provisory_readme.sh" timestamp="1587648161437">
        <mark key="[" line="19" column="11" />
        <mark key="]" line="21" column="56" />
        <mark key="." line="21" column="56" />
      </file>
      <file name="$USER_HOME$/dev/k3/strategyCodeToC-/main_file.py" timestamp="1588072114726">
        <mark key="[" line="45" column="10" />
        <mark key="]" line="45" column="10" />
        <mark key="." line="45" column="10" />
      </file>
      <file name="$USER_HOME$/dev/ezalgo/Strats/code/posture_trader.py" timestamp="1587638654995">
        <mark key="[" line="348" column="25" />
        <mark key="]" line="348" column="27" />
        <mark key="." line="348" column="27" />
      </file>
      <file name="$USER_HOME$/dev/neofun_api/main.py" timestamp="1588273755952">
        <mark key="[" line="49" column="22" />
        <mark key="]" line="49" column="21" />
        <mark key="." line="49" column="20" />
        <mark key="^" line="49" column="21" />
      </file>
      <file name="$USER_HOME$/dev/ezalgo/Strats/code/neofun.py" timestamp="1587923071985">
        <mark key="[" line="410" column="0" />
        <mark key="]" line="410" column="0" />
        <mark key="." line="410" column="0" />
      </file>
      <file name="$USER_HOME$/dev/ezalgo/PipeTrader/code/DailyModelUpdate.py" timestamp="1587655759519">
        <mark key="[" line="33" column="50" />
        <mark key="]" line="33" column="50" />
        <mark key="^" line="33" column="50" />
        <mark key="." line="33" column="49" />
      </file>
      <file name="$USER_HOME$/dev/neofun_api/test_file_0.py" timestamp="1588268186077">
        <mark key="'" line="31" column="27" />
        <mark key="[" line="52" column="0" />
        <mark key="]" line="52" column="4" />
        <mark key="." line="52" column="3" />
        <mark key="^" line="52" column="4" />
      </file>
      <file name="$USER_HOME$/.ideavimrc" timestamp="1588268412410">
        <mark key="'" line="15" column="0" />
        <mark key="[" line="1" column="26" />
        <mark key="]" line="2" column="0" />
        <mark key="^" line="2" column="0" />
        <mark key="." line="2" column="0" />
      </file>
      <file name="$USER_HOME$/dev/neofun_api/.gitignore" timestamp="1588269382371">
        <mark key="[" line="0" column="11" />
        <mark key="]" line="0" column="11" />
        <mark key="^" line="1" column="5" />
        <mark key="." line="0" column="11" />
      </file>
      <file name="$USER_HOME$/dev/neofun_api/app.py" timestamp="1587930740187">
        <mark key="[" line="20" column="0" />
        <mark key="." line="29" column="64" />
      </file>
      <file name="$USER_HOME$/exercism/rust/leap/src/lib.rs" timestamp="1588095076390">
        <mark key="[" line="12" column="0" />
        <mark key="]" line="12" column="0" />
        <mark key="." line="12" column="0" />
        <mark key="^" line="11" column="4" />
      </file>
    </filemarks>
    <jumps>
      <jump line="187" column="45" filename="$USER_HOME$/dev/ibr_base/rk_ibr_lite/code/exp12_new.py" />
      <jump line="31" column="27" filename="$USER_HOME$/dev/ibr_base/rk_ibr_lite/code/exp12_new.py" />
      <jump line="29" column="28" filename="$USER_HOME$/dev/ibr_base/rk_ibr_lite/code/exp12_new.py" />
      <jump line="0" column="0" filename="$USER_HOME$/dev/ibr_base/rk_ibr_lite/code/exp12_new.py" />
      <jump line="304" column="19" filename="$USER_HOME$/dev/ibr/ibr/rk_ibr_lite/code/exp11.py" />
      <jump line="358" column="8" filename="$USER_HOME$/dev/ibr/ibr/rk_ibr_lite/code/multi_agent_trader_new.py" />
      <jump line="21" column="74" filename="$USER_HOME$/dev/rust/yfinance/src/lib.rs" />
      <jump line="27" column="50" filename="$USER_HOME$/dev/rust/yfinance/src/lib.rs" />
      <jump line="15" column="38" filename="$USER_HOME$/dev/rust/yfinance/src/lib.rs" />
      <jump line="22" column="17" filename="$USER_HOME$/dev/rust/yfinance/src/lib.rs" />
      <jump line="32" column="57" filename="$USER_HOME$/dev/rust/yfinance/src/lib.rs" />
      <jump line="204" column="31" filename="$USER_HOME$/dev/ibr/ibr/rk_ibr_lite/code/multi_agent_trader_new.py" />
      <jump line="258" column="26" filename="$USER_HOME$/dev/ibr/ibr/rk_ibr_lite/code/multi_agent_trader_new.py" />
      <jump line="0" column="0" filename="$USER_HOME$/dev/rust/yfinance/README.md" />
      <jump line="127" column="82" filename="$USER_HOME$/dev/ibr/ibr/rk_ibr_lite/code/exp12.py" />
      <jump line="11" column="0" filename="$USER_HOME$/dev/rust/yfinance/src/lib.rs" />
      <jump line="29" column="0" filename="$USER_HOME$/dev/rust/yfinance/src/lib.rs" />
      <jump line="37" column="21" filename="$USER_HOME$/dev/rust/yfinance/src/lib.rs" />
      <jump line="38" column="16" filename="$USER_HOME$/dev/rust/yfinance/src/lib.rs" />
      <jump line="18" column="17" filename="$USER_HOME$/dev/rust/yfinance/src/lib.rs" />
      <jump line="25" column="12" filename="$USER_HOME$/dev/rust/yfinance/src/lib.rs" />
      <jump line="35" column="26" filename="$USER_HOME$/dev/rust/yfinance/src/lib.rs" />
      <jump line="36" column="16" filename="$USER_HOME$/dev/rust/yfinance/src/lib.rs" />
      <jump line="33" column="50" filename="$USER_HOME$/dev/rust/yfinance/src/lib.rs" />
      <jump line="30" column="0" filename="$USER_HOME$/dev/neofun_api/test_file_0.py" />
      <jump line="40" column="23" filename="$USER_HOME$/dev/neofun_api/test_file_0.py" />
      <jump line="42" column="23" filename="$USER_HOME$/dev/neofun_api/test_file_0.py" />
      <jump line="43" column="23" filename="$USER_HOME$/dev/neofun_api/test_file_0.py" />
      <jump line="45" column="11" filename="$USER_HOME$/dev/neofun_api/test_file_0.py" />
      <jump line="10" column="9" filename="$USER_HOME$/dev/neofun_api/test_file_0.py" />
      <jump line="12" column="4" filename="$USER_HOME$/dev/neofun_api/test_file_0.py" />
      <jump line="15" column="47" filename="$USER_HOME$/dev/neofun_api/test_file_0.py" />
      <jump line="16" column="47" filename="$USER_HOME$/dev/neofun_api/test_file_0.py" />
      <jump line="17" column="47" filename="$USER_HOME$/dev/neofun_api/test_file_0.py" />
      <jump line="18" column="47" filename="$USER_HOME$/dev/neofun_api/test_file_0.py" />
      <jump line="21" column="19" filename="$USER_HOME$/dev/neofun_api/test_file_0.py" />
      <jump line="22" column="19" filename="$USER_HOME$/dev/neofun_api/test_file_0.py" />
      <jump line="23" column="4" filename="$USER_HOME$/dev/neofun_api/test_file_0.py" />
      <jump line="24" column="19" filename="$USER_HOME$/dev/neofun_api/test_file_0.py" />
      <jump line="26" column="11" filename="$USER_HOME$/dev/neofun_api/test_file_0.py" />
      <jump line="29" column="4" filename="$USER_HOME$/dev/neofun_api/test_file_0.py" />
      <jump line="32" column="4" filename="$USER_HOME$/dev/neofun_api/test_file_0.py" />
      <jump line="33" column="4" filename="$USER_HOME$/dev/neofun_api/test_file_0.py" />
      <jump line="36" column="23" filename="$USER_HOME$/dev/neofun_api/test_file_0.py" />
      <jump line="39" column="23" filename="$USER_HOME$/dev/neofun_api/test_file_0.py" />
      <jump line="31" column="27" filename="$USER_HOME$/dev/neofun_api/test_file_0.py" />
      <jump line="5" column="60" filename="$USER_HOME$/.ideavimrc" />
      <jump line="12" column="0" filename="$USER_HOME$/.ideavimrc" />
    </jumps>
  </component>
  <component name="VimRegisterSettings">
    <registers>
      <register name="&quot;" type="2">
        <text>master[21:48</text>
      </register>
      <register name="d" type="4">
        <text>sys.argv[2]</text>
      </register>
      <register name="-" type="4">
        <text>/</text>
      </register>
      <register name="/" type="4">
        <text>order</text>
      </register>
      <register name="0" type="4">
        <text>List[str]</text>
      </register>
      <register name="1" type="2">
        <text>master[21:48</text>
      </register>
      <register name="2" type="2">
        <text encoding="base64">amFtZXNfCg==</text>
      </register>
      <register name="3" type="2">
        <text encoding="base64">Cg==</text>
      </register>
      <register name="4" type="2">
        <text encoding="base64">bGV0IG1hcGxlYWRlciA9ICJcPFNwYWNlPiIK</text>
      </register>
      <register name="5" type="2">
        <text encoding="base64">bGV0IG1hcGxlYWRlciA9ICJcPFNwYWNlPiIK</text>
      </register>
      <register name="6" type="2">
        <text encoding="base64">Cg==</text>
      </register>
      <register name="7" type="2">
        <text encoding="base64">ICAgIGphbWRmIAo=</text>
      </register>
      <register name="8" type="2">
        <text encoding="base64">Cg==</text>
      </register>
      <register name="9" type="2">
        <text encoding="base64">ICAgICAgICB0aGlzIGlzIG15IGZpcnN0IHRpbWUgd3JpdGluZyB3dGhvdXQgbG9va2luZyBhdCB0aGUga2V5Ym9hcnMgYW5kIGl0J3MgcHJldHR5IG5pY2UK</text>
      </register>
      <register name=":" type="4">
        <text>w</text>
      </register>
    </registers>
  </component>
  <component name="VimSearchSettings">
    <search>
      <last-search>order</last-search>
      <last-offset />
      <last-pattern>order</last-pattern>
      <last-dir>1</last-dir>
      <show-last>false</show-last>
    </search>
  </component>
  <component name="VimSettings">
    <state version="6" enabled="true" />
    <notifications>
      <idea-join enabled="true" />
      <idea-put enabled="false" />
    </notifications>
  </component>
</application>